Zone,AvgCost
North,7893.64662368
South,7709.90003075
Central,7775.32299161
