Zone,Avgusage,Avgoutage
North,894.256096,7.7720
Central,883.123321,7.1583
South,875.418512,7.5178
