Zone,TotalEnergy,AvgDailyEnergy
North,1525600.90,894.256096
South,1423430.50,875.418512
Central,1473049.70,883.123321
